id,context,question,answer_picked,feedback,original_gold_label,votes_distribution
e5cf531d-8fa6-4c65-a482-237cbf138daf,Casey ordered a package with priority shipping but two weeks passed and Casey never received the package.,What will Casey want to do next?,"[{'answer': 'make a complaint'}, {'answer': 'make a complaint'}, {'answer': 'make a complaint'}, {'answer': 'make a complaint'}, {'answer': 'make a complaint'}]",[],make a complaint,{'make a complaint': 5}
5c566269-eec8-4072-bc6d-d23041f3d229,Sasha was being picked on by her big brother. Sasha got revenge when she popped his tires.,What will Others want to do next?,"[{'answer': 'yell'}, {'answer': 'lock her doors'}, {'answer': 'hide from her brother'}, {'answer': 'lock her doors'}, {'answer': 'yell'}, {'answer': 'hide from her brother'}, {'answer': 'yell'}, {'answer': 'hide from her brother'}, {'answer': 'yell'}, {'answer': 'hide from her brother'}]",[],yell,"{'yell': 4, 'lock her doors': 2, 'hide from her brother': 4}"
03bc0431-1e9a-432d-a224-604b01c887b2,"After seeing what a mess Aubrey was, Robin changed her into clean clothes.",How would you describe Robin?,"[{'answer': 'a kind caretaker'}, {'answer': 'a kind caretaker'}, {'answer': 'a kind caretaker'}, {'answer': 'a kind caretaker'}, {'answer': 'a kind caretaker'}]",[],a kind caretaker,{'a kind caretaker': 5}
1ec89441-214c-4f7c-ba09-3db2befb1e52,"Jesse wanted to flunk Bailey for her bad behavior, but Bailey passed Jesse's examination.",What will Bailey want to do next?,"[{'answer': 'celebrate'}, {'answer': 'celebrate'}, {'answer': 'celebrate'}, {'answer': 'complain'}, {'answer': 'complain'}, {'answer': 'celebrate'}, {'answer': 'celebrate'}, {'answer': 'celebrate'}, {'answer': 'celebrate'}, {'answer': 'celebrate'}]",[],celebrate,"{'celebrate': 8, 'complain': 2}"
6f49bd3b-5689-4a1c-b297-d6d5edabe21e,Remy answered the silly question they were asked happily.,Why did Remy do this?,"[{'answer': 'know the answer'}, {'answer': 'have fun'}, {'answer': 'have fun'}, {'answer': 'have fun'}, {'answer': 'have fun'}]",[],have fun,"{'know the answer': 1, 'have fun': 4}"
2b77c5a1-3281-4593-8b8f-6c72a4f6c47a,"Jordan wanted to do something special for their spouse on Valentines day, so Jordan decided to have a picnic in the park.",What will Jordan want to do next?,"[{'answer': 'pack a basket'}, {'answer': 'invite their spouse'}, {'answer': 'invite their spouse'}, {'answer': 'invite their spouse'}, {'answer': 'invite their spouse'}]",[],pack a basket,"{'pack a basket': 1, 'invite their spouse': 4}"
bd85dbcd-b57c-4c6b-800c-9cf41d4c7796,Bailey was at his friends house one day when the house next door caught on fire.,What will happen to Others?,"[{'answer': 'lose their home in the fire'}, {'answer': 'lose their home in the fire'}, {'answer': 'lose their home in the fire'}, {'answer': 'lose their home in the fire'}, {'answer': 'lose their home in the fire'}]",[],lose their home in the fire,{'lose their home in the fire': 5}
32fcf1aa-978d-4c8a-9d94-6c792947066a,"After years of bullying in high school, Sasha graduated at the top of her class and got a great job. Sasha got revenge on the people.",How would you describe Sasha?,"[{'answer': 'a competent person'}, {'answer': 'a competent person'}, {'answer': 'a competent person'}, {'answer': 'a competent person'}, {'answer': 'a competent person'}]",[],a competent person,{'a competent person': 5}
d18c4b2d-f53c-4a79-b766-2391bea3e26c,But she didn't want to be on the team so walked off the court.,Why did Aubrey do this?,"[{'answer': 'wanted to spend more time at home'}, {'answer': 'wanted to spend more time at home'}, {'answer': 'wanted to spend more time at home'}, {'answer': 'wanted to spend more time at home'}, {'answer': 'wanted to spend more time at home'}]",[],wanted to spend more time at home,{'wanted to spend more time at home': 5}
0888607b-adda-4f60-81e8-ecb36983f73f,"During the speech, Remy gave Casey's interpretation of the situation to the guests.",What does Remy need to do before this?,"[{'answer': ""take detailed notes of Casey's words""}, {'answer': ""take detailed notes of Casey's words""}, {'answer': ""take detailed notes of Casey's words""}, {'answer': ""take detailed notes of Casey's words""}, {'answer': ""take detailed notes of Casey's words""}]",[],take detailed notes of Casey's words,"{""take detailed notes of Casey's words"": 5}"
dbb02b54-304d-4d26-ba13-c36ea3721f9a,Austin moved their body from the crime scene so cops wouldn't find it.,What will Austin want to do next?,"[{'answer': 'dispose the body in chemicals'}, {'answer': 'wanted to get away with the crime'}, {'answer': 'dispose the body in chemicals'}, {'answer': 'dispose the body in chemicals'}, {'answer': 'wanted to get away with the crime'}, {'answer': 'dispose the body in chemicals'}, {'answer': 'wanted to get away with the crime'}, {'answer': 'dispose the body in chemicals'}, {'answer': 'wanted to get away with the crime'}, {'answer': 'wanted to get away with the crime'}]",[],dispose the body in chemicals,"{'dispose the body in chemicals': 5, 'wanted to get away with the crime': 5}"
00e143e2-0115-435a-b94f-c8e6ed768a6d,Skylar knew they were nervous and he wanted to ease their minds.,What does Skylar need to do before this?,"[{'answer': 'put together a strong presentation detailing his ideas on how to proceed'}, {'answer': 'put together a strong presentation detailing his ideas on how to proceed'}, {'answer': 'put together a strong presentation detailing his ideas on how to proceed'}, {'answer': 'put together a strong presentation detailing his ideas on how to proceed'}, {'answer': 'put together a strong presentation detailing his ideas on how to proceed'}]",[],put together a strong presentation detailing his ideas on how to proceed,{'put together a strong presentation detailing his ideas on how to proceed': 5}
2f026da0-13f8-46c2-bfad-94d39f40e2d9,Jordan's smoking had negative affects on the health of the children.,What will Others want to do next?,"[{'answer': 'take the children to the doctor'}, {'answer': 'get better habits'}, {'answer': 'take the children to the doctor'}, {'answer': 'take the children to the doctor'}, {'answer': 'get better habits'}, {'answer': 'take the children to the doctor'}, {'answer': 'take the children to the doctor'}, {'answer': 'take the children to the doctor'}, {'answer': 'get better habits'}, {'answer': 'take the children to the doctor'}]",[],take the children to the doctor,"{'take the children to the doctor': 7, 'get better habits': 3}"
d5a62cf7-f2df-4495-b4f8-09c94b14172b,Remy was telling a story and told it like Casey does.,Why did Remy do this?,"[{'answer': 'honor Casey'}, {'answer': 'honor Casey'}, {'answer': 'learn casey'}, {'answer': 'honor Casey'}, {'answer': 'honor Casey'}]",[],honor Casey,"{'honor Casey': 4, 'learn casey': 1}"
dee93ff4-aee3-4767-8016-6800ec44112c,Tracy understood Casey's stance better after they had a long conversation together.,What does Tracy need to do before this?,"[{'answer': 'ask Casey to talk'}, {'answer': 'ask Casey to talk'}, {'answer': 'ask Casey to talk'}, {'answer': 'ask Casey to talk'}, {'answer': 'ask Casey to talk'}]",[],ask Casey to talk,{'ask Casey to talk': 5}
d1d9f0ce-1f25-4908-bac8-79ce1a542bb2,Jordan won a car when they entered a raffle.,What will Jordan want to do next?,"[{'answer': 'put the car in the garage'}, {'answer': 'put the car in the garage'}, {'answer': 'pay taxes on the car they won'}, {'answer': 'put the car in the garage'}, {'answer': 'pay taxes on the car they won'}, {'answer': 'put the car in the garage'}, {'answer': 'put the car in the garage'}, {'answer': 'pay taxes on the car they won'}, {'answer': 'pay taxes on the car they won'}, {'answer': 'pay taxes on the car they won'}]",[],put the car in the garage,"{'put the car in the garage': 5, 'pay taxes on the car they won': 5}"
46551b5c-747e-42d4-879f-f65e92aff15e,Carson's friend wanted something sweet to drink. Carson gave their friend some milk.,What will happen to Carson?,"[{'answer': 'talk to the friend'}, {'answer': 'talk to the friend'}, {'answer': 'talk to the friend'}, {'answer': 'talk to the friend'}, {'answer': 'talk to the friend'}]",[],talk to the friend,{'talk to the friend': 5}
ac8a209a-0ea7-4368-8286-7877c5607d2d,Robin took the Math test at face value because it was based on logic.,How would Robin feel afterwards?,"[{'answer': 'smart'}, {'answer': 'smart'}, {'answer': 'smart'}, {'answer': 'unprepared'}, {'answer': 'unprepared'}, {'answer': 'unprepared'}, {'answer': 'unprepared'}, {'answer': 'unprepared'}, {'answer': 'smart'}, {'answer': 'smart'}]","[{'feedback': 'The answer depends on what is meant by the test being ""based on logic""'}]",smart,"{'smart': 5, 'unprepared': 5}"
6ad1a804-c787-4aa4-be7b-c7dbf26509c8,Riley told Lee to stay at work a little later that night.,What will happen to Lee?,"[{'answer': 'he will make money'}, {'answer': 'he will make money'}, {'answer': 'he will make money'}, {'answer': 'he will make money'}, {'answer': 'he will make money'}]",[],he will make money,{'he will make money': 5}
5f178a03-cacb-46db-b3f3-e58cbb8e485d,Jesse set Robin's case on fire. Robin was very angry and called the cops on her.,What will happen to Jesse?,"[{'answer': 'go to jail'}, {'answer': 'go to jail'}, {'answer': 'go to jail'}, {'answer': 'go to jail'}, {'answer': 'go to jail'}]",[],go to jail,{'go to jail': 5}
5ec18a9d-9fef-48c7-87c5-006a109132bc,Kai knew that things were getting out of control and managed to keep his temper in check.,How would Others feel as a result?,"[{'answer': 'relieved'}, {'answer': 'relieved'}, {'answer': 'relieved'}, {'answer': 'relieved'}, {'answer': 'relieved'}]",[],relieved,{'relieved': 5}
7662a053-cddb-4f6f-95ea-69d9ffa1e40f,Remy was a hard worker at an insurance company. They were working late.,Why did Remy do this?,"[{'answer': 'get rich'}, {'answer': 'get rich'}, {'answer': 'receive an assignment to work on'}, {'answer': 'get rich'}, {'answer': 'get rich'}]",[],get rich,"{'get rich': 4, 'receive an assignment to work on': 1}"
cd5304d1-4ee5-48dc-be6d-4d2cc3011258,Ash redeemed themselves after retaking the test they failed.,How will Ash feel as a result?,"[{'answer': 'accomplished'}, {'answer': 'relieved'}, {'answer': 'accomplished'}, {'answer': 'accomplished'}, {'answer': 'proud'}, {'answer': 'accomplished'}, {'answer': 'accomplished'}, {'answer': 'proud'}, {'answer': 'relieved'}, {'answer': 'accomplished'}]",[],accomplished,"{'accomplished': 6, 'relieved': 2, 'proud': 2}"
3ab38777-03eb-492c-b188-79b9f3a8146c,Sasha spent Austin's money trying to win a prize even when the odds were stacked against her.,What will Austin want to do next?,"[{'answer': 'yell at Sasha for doing that'}, {'answer': 'yell at Sasha for doing that'}, {'answer': 'yell at Sasha for doing that'}, {'answer': 'yell at Sasha for doing that'}, {'answer': 'yell at Sasha for doing that'}]",[],yell at Sasha for doing that,{'yell at Sasha for doing that': 5}
a4a532e5-3c18-4884-9aac-af022b216eda,Robin built a snowman in the snow and gave it a new name.,What will Robin want to do next?,"[{'answer': 'put a carrot in the nose'}, {'answer': 'put a carrot in the nose'}, {'answer': 'put a carrot in the nose'}, {'answer': 'put a carrot in the nose'}, {'answer': 'put a carrot in the nose'}]",[],put a carrot in the nose,{'put a carrot in the nose': 5}
220f209b-458a-4e1f-960e-00e20198e998,Bailey felt bad. He overslept and missed his appointment for the job interview.,What does Bailey need to do before this?,"[{'answer': 'try to reschedule the interview'}, {'answer': 'try to reschedule the interview'}, {'answer': 'set his alarm clock'}, {'answer': 'call and apologize'}, {'answer': 'try to reschedule the interview'}, {'answer': 'set his alarm clock'}, {'answer': 'set his alarm clock'}, {'answer': 'set his alarm clock'}, {'answer': 'call and apologize'}, {'answer': 'try to reschedule the interview'}]","[{'feedback': '2 & 3 Could be possible answers, but assumed 3 would be done before 2.'}]",set his alarm clock,"{'try to reschedule the interview': 4, 'set his alarm clock': 4, 'call and apologize': 2}"
c111d45f-d6c7-45e2-b5ef-bbda5edf9288,Kendall said that nobody was to use their phone. Jesse used Kendall's phone anyway.,What will Kendall want to do next?,"[{'answer': 'lock their phone'}, {'answer': 'lock their phone'}, {'answer': 'lock their phone'}, {'answer': 'lock their phone'}, {'answer': 'lock their phone'}]",[],lock their phone,{'lock their phone': 5}
fd256223-fe5e-4f75-ba4a-6fac1c2f67cf,Addison took the test in their science class after studying all night.,What will Addison want to do next?,"[{'answer': 'get a good grade'}, {'answer': 'get a good grade'}, {'answer': 'turn in their test'}, {'answer': 'get a good grade'}, {'answer': 'turn in their test'}, {'answer': 'get a good grade'}, {'answer': 'get a good grade'}, {'answer': 'turn in their test'}, {'answer': 'get a good grade'}, {'answer': 'get a good grade'}]",[],get a good grade,"{'get a good grade': 7, 'turn in their test': 3}"
a75c56d9-1c23-4671-b931-7df624dc3d43,"Ash was nervous, and cringed when they missed a step, but knew that the best thing to do is push forward. They earned a standing ovation.",Why did Ash do this?,"[{'answer': 'Prove they could do it'}, {'answer': 'Prove they could do it'}, {'answer': 'Prove they could do it'}, {'answer': 'Prove they could do it'}, {'answer': 'Prove they could do it'}]",[],Prove they could do it,{'Prove they could do it': 5}
c63457f1-3988-4649-9eca-3a30814805e8,Cameron wasted money on an expensive handbag.,Why did Cameron do this?,"[{'answer': 'buy a status item'}, {'answer': 'buy a status item'}, {'answer': 'buy a status item'}, {'answer': 'buy a status item'}, {'answer': 'buy a status item'}]",[],buy a status item,{'buy a status item': 5}
d2d7d472-e7b1-4827-989f-ef7e973cbed0,Quinn murdered Remy's wife while Remy was away on a business trip.,How would Quinn feel afterwards?,"[{'answer': 'guilty'}, {'answer': 'guilty'}, {'answer': 'guilty'}, {'answer': 'sad'}, {'answer': 'guilty'}]",[],guilty,"{'guilty': 4, 'sad': 1}"
4955c89d-0cc1-4aee-b617-8b3ecc86a982,Jesse just got a haircut and Riley was observing him with her eyes.,What will happen to Jesse?,"[{'answer': 'Give a compliment to Jesse about his hair/'}, {'answer': ""see Jesse's haircut""}, {'answer': 'Give a compliment to Jesse about his hair/'}, {'answer': 'Give a compliment to Jesse about his hair/'}, {'answer': 'Give a compliment to Jesse about his hair/'}]",[],Give a compliment to Jesse about his hair/,"{'Give a compliment to Jesse about his hair/': 4, ""see Jesse's haircut"": 1}"
dbaaa5a5-e02d-4ed0-b8a0-0648776c6593,Aubrey helped Alex with a task.,What will Alex want to do next?,"[{'answer': 'give Aubrey a hug'}, {'answer': 'give Aubrey a hug'}, {'answer': 'give Aubrey a hug'}, {'answer': 'give Aubrey a hug'}, {'answer': 'give Aubrey a hug'}]","[{'feedback': ""Give a hug seems like the correct answer, but if only works if we know the relationship between Aubrey and Alex is one where that is acceptible. Walk away is probably the most accurate, but it doesn't feel like the right answer for this survey.""}]",give Aubrey a hug,{'give Aubrey a hug': 5}
9844b1f1-4ade-4848-9372-3e0daa21f6f6,Jesse was going to stand alone but stood by Carson instead to keep them company.,How would Cameron feel as a result?,"[{'answer': 'supportive afterwards'}, {'answer': 'friendly afterwards'}, {'answer': 'Glad their friend was their'}, {'answer': 'friendly afterwards'}, {'answer': 'Glad their friend was their'}, {'answer': 'friendly afterwards'}, {'answer': 'supportive afterwards'}, {'answer': 'Glad their friend was their'}, {'answer': 'Glad their friend was their'}, {'answer': 'friendly afterwards'}]","[{'feedback': 'Was it supposed to say Cameron or Carson in the question?'}, {'feedback': 'Sorta confusing question in regards to the three different people mentioned in the context/question.'}]",Glad their friend was their,"{'supportive afterwards': 2, 'friendly afterwards': 4, 'Glad their friend was their': 4}"
45c8bc9b-2d43-49cd-8225-234c6463036f,Kai was a great improvisational guitar player; Kai made it up as Kai goes along.,What will Kai want to do next?,"[{'answer': 'record their improvised music'}, {'answer': 'record their improvised music'}, {'answer': 'learn a cover song'}, {'answer': 'record their improvised music'}, {'answer': 'record their improvised music'}]",[],record their improvised music,"{'record their improvised music': 4, 'learn a cover song': 1}"
9ebc7355-4d98-4a4f-a2f4-7039f93c7a9b,Jordan brought the family for a day out at the beach but when they got there Jordan realised that they had left the food at home for the picnic.,How would you describe Jordan?,"[{'answer': 'Forgetful'}, {'answer': 'Forgetful'}, {'answer': 'Forgetful'}, {'answer': 'Forgetful'}, {'answer': 'frustrated'}]",[{'feedback': 'All of the above work'}],Forgetful,"{'Forgetful': 4, 'frustrated': 1}"
65361b43-e996-455c-beca-0ae7af97d553,Riley is trying to teach Sasha how to swim underwater.,How would you describe Riley?,"[{'answer': 'helpful'}, {'answer': 'helpful'}, {'answer': 'helpful'}, {'answer': 'helpful'}, {'answer': 'helpful'}]",[],helpful,{'helpful': 5}
935397a1-4574-4848-a6c2-838e1ac46b11,Robin put their hand on Addison's wrist to keep Addison from shaking uncontrollably.,What will Addison want to do next?,"[{'answer': 'take their medicine'}, {'answer': 'take their medicine'}, {'answer': 'take their medicine'}, {'answer': 'hit Robin'}, {'answer': 'take their medicine'}]",[],take their medicine,"{'take their medicine': 4, 'hit Robin': 1}"
799ae14c-72b0-4c5b-b359-f1faa5f4a588,Bailey asked Alex to send them the pdf for the school project but Alex never did.,What will happen to Bailey?,"[{'answer': 'blame Alex'}, {'answer': 'have to start over'}, {'answer': 'blame Alex'}, {'answer': 'lash out at Alex'}, {'answer': 'lash out at Alex'}, {'answer': 'blame Alex'}, {'answer': 'lash out at Alex'}, {'answer': 'have to start over'}, {'answer': 'have to start over'}, {'answer': 'lash out at Alex'}]",[],blame Alex,"{'blame Alex': 3, 'have to start over': 3, 'lash out at Alex': 4}"
cfdb02ef-1b61-48d6-a231-c41a43e99af0,Robin put their hand on Addison's wrist so Addison could not escape the situation.,What will happen to Robin?,"[{'answer': 'start to panic and worry'}, {'answer': 'start to panic and worry'}, {'answer': 'lost grip on Addison'}, {'answer': 'be stronger than Addison'}, {'answer': 'lost grip on Addison'}, {'answer': 'start to panic and worry'}, {'answer': 'be stronger than Addison'}, {'answer': 'lost grip on Addison'}, {'answer': 'be stronger than Addison'}, {'answer': 'lost grip on Addison'}]",[],be stronger than Addison,"{'start to panic and worry': 3, 'lost grip on Addison': 4, 'be stronger than Addison': 3}"
07f51707-3a16-41b8-8114-fb4444963d04,Ash threw up their arms and just finally gave up on Sasha and her attitude.,What will happen to Sasha?,"[{'answer': 'abandoned'}, {'answer': 'abandoned'}, {'answer': 'abandoned'}, {'answer': 'abandoned'}, {'answer': 'abandoned'}]",[],abandoned,{'abandoned': 5}
b404da40-19bd-4d37-8362-265439760d45,"Skylar wasn't certain that they had turned off the stove, so they went back to check.",What does Skylar need to do before this?,"[{'answer': 'anxious'}, {'answer': 'anxious'}, {'answer': 'anxious'}, {'answer': 'needed to have turned on the toaster'}, {'answer': 'needed to have turned on the toaster'}, {'answer': 'anxious'}, {'answer': 'anxious'}, {'answer': 'anxious'}, {'answer': 'anxious'}, {'answer': 'needed to have turned on the toaster'}]","[{'feedback': 'I\'m under the assumption that ""stove"" and ""toaster"" are the same thing here. Otherwise there is no answer that fits as the other two options are adjectives not verbs'}]",anxious,"{'anxious': 7, 'needed to have turned on the toaster': 3}"
c6648b10-01a2-44b1-aa5f-3bc2026e5818,Jordan was so good at painting portraits that they made it their career.,Why did Jordan do this?,"[{'answer': ""Jordan's paintings sell for a lot of money""}, {'answer': ""Jordan's paintings sell for a lot of money""}, {'answer': ""Jordan's paintings sell for a lot of money""}, {'answer': ""Jordan's paintings sell for a lot of money""}, {'answer': ""Jordan's paintings sell for a lot of money""}]",[],Jordan's paintings sell for a lot of money,"{""Jordan's paintings sell for a lot of money"": 5}"
1ac99b58-4ee4-4ace-a468-4305b32a67ed,Aubrey worked their best and never received a raise.,How would you describe Aubrey?,"[{'answer': 'underappreciated'}, {'answer': 'underappreciated'}, {'answer': 'underappreciated'}, {'answer': 'underappreciated'}, {'answer': 'underappreciated'}]",[],underappreciated,{'underappreciated': 5}
853af1dc-595e-4fa8-ab6e-0125913d0927,Carson tried to fight Robin last night because Robin hurt Carson a lot.,What will Carson want to do next?,"[{'answer': 'do nothing'}, {'answer': 'hurt Robin'}, {'answer': 'apologize'}, {'answer': 'hurt Robin'}, {'answer': 'hurt Robin'}, {'answer': 'hurt Robin'}, {'answer': 'do nothing'}, {'answer': 'apologize'}, {'answer': 'do nothing'}, {'answer': 'apologize'}]",[],hurt Robin,"{'do nothing': 3, 'hurt Robin': 4, 'apologize': 3}"
9dc4d461-48f8-45fe-a6aa-bad77fb03338,Jan said walk back to the students who were being disruptive and loud.,How would you describe Jan?,"[{'answer': 'no-nonsense'}, {'answer': 'no-nonsense'}, {'answer': 'no-nonsense'}, {'answer': 'Stop talking in mid-sentence and look in a non-aggressive way at the student making the noise'}, {'answer': 'no-nonsense'}]",[],no-nonsense,"{'no-nonsense': 4, 'Stop talking in mid-sentence and look in a non-aggressive way at the student making the noise': 1}"
72c414aa-be48-4eb2-9fbf-e1084a574905,Addison was making a speech in front of a lot of people. Addison regarded every comment made.,How would Addison feel as a result?,"[{'answer': 'good and kind'}, {'answer': 'good and kind'}, {'answer': 'good and kind'}, {'answer': 'good and kind'}, {'answer': 'sad and furious'}]",[],good and kind,"{'good and kind': 4, 'sad and furious': 1}"
c2630e02-05f8-448f-9145-dace14db90bc,"Austin had more than they could handle, so Austin offered Sydney a position at work.",How would you describe Austin?,"[{'answer': 'a supervisor'}, {'answer': 'a supervisor'}, {'answer': 'a supervisor'}, {'answer': 'a supervisor'}, {'answer': 'proud'}]",[],a supervisor,"{'a supervisor': 4, 'proud': 1}"
d706e553-52da-4eda-92d7-329a75aced38,Tracy gave a gift to my friend and told my friend that I had suggested the gift.,What will happen to my friend?,"[{'answer': 'thank me for the advice I gave'}, {'answer': 'thank me for the advice I gave'}, {'answer': 'thank me for the advice I gave'}, {'answer': 'thank me for the advice I gave'}, {'answer': 'thank me for the advice I gave'}]",[],thank me for the advice I gave,{'thank me for the advice I gave': 5}
0413613d-7907-4c77-a441-f401c6574c61,Riley regarded Jesse with observant eyes. He didn't trust Jesse because he's known her a long time.,What will Riley do?,"[{'answer': ""Not take Jesse's word for anything""}, {'answer': ""Not take Jesse's word for anything""}, {'answer': ""Not take Jesse's word for anything""}, {'answer': ""Not take Jesse's word for anything""}, {'answer': ""Not take Jesse's word for anything""}]",[],Not take Jesse's word for anything,"{""Not take Jesse's word for anything"": 5}"
04052ca7-ea19-4545-ba83-888946437ca8,Jesse broke her leg and could not take the students on the trip after all.,What does Tracy need to do before this?,"[{'answer': 'tell Jesse she was willing to go'}, {'answer': 'rest her leg'}, {'answer': 'tell Jesse she was willing to go'}, {'answer': 'tell Jesse she was willing to go'}, {'answer': 'tell Jesse she was willing to go'}]",[],tell Jesse she was willing to go,"{'tell Jesse she was willing to go': 4, 'rest her leg': 1}"
bbdedaf1-e52a-47c3-87ed-38ea3a19a9af,riley was a distrustful person so he regarded jesse with suspicious eyes.,What will happen to Jesse?,"[{'answer': 'he will ignore riley'}, {'answer': 'he will question riley'}, {'answer': 'he will ignore riley'}, {'answer': 'he will question riley'}, {'answer': 'call Jesse out'}, {'answer': 'he will question riley'}, {'answer': 'he will question riley'}, {'answer': 'he will ignore riley'}, {'answer': 'he will ignore riley'}, {'answer': 'he will ignore riley'}]",[],he will question riley,"{'he will ignore riley': 5, 'he will question riley': 4, 'call Jesse out': 1}"
9c222791-1836-49e8-821c-78324c837621,Lee made copies so that everyone at the table could follow along.,What will Lee want to do next?,"[{'answer': 'make sure there are enough'}, {'answer': 'make sure there are enough'}, {'answer': 'make sure there are enough'}, {'answer': 'make sure there are enough'}, {'answer': 'make sure there are enough'}]",[],make sure there are enough,{'make sure there are enough': 5}
2340237a-9178-4cc6-8688-cd683101e9fb,Sydney opened a savings account after learning about getting interest on their money.,What does Sydney need to do before this?,"[{'answer': 'do some research'}, {'answer': 'do some research'}, {'answer': 'do some research'}, {'answer': 'do some research'}, {'answer': 'do some research'}]",[],do some research,{'do some research': 5}
84ce23d2-6d44-4a03-9446-a30cfefe482a,Tracy wore Sydney's jacket to school without asking for permission.,How would you describe Tracy?,"[{'answer': 'rude'}, {'answer': 'rude'}, {'answer': 'rude'}, {'answer': 'rude'}, {'answer': 'rude'}]",[],rude,{'rude': 5}
1486d91e-fcb0-4413-ae0c-b66b1b69d7ef,Carson was wrongfully convicted for a crime. Taylor proved Carson's point last night and the judge agreed.,What will happen to Carson?,"[{'answer': 'be released'}, {'answer': 'be released'}, {'answer': 'be released'}, {'answer': 'be released'}, {'answer': 'be released'}]",[],be released,{'be released': 5}
946cf30e-a2a0-464c-928e-40100a8a40f1,Kai grabbed Carson's tools and put them away because Carson was being lazy.,How would Kai feel afterwards?,"[{'answer': 'accomplished'}, {'answer': 'accomplished'}, {'answer': 'accomplished'}, {'answer': 'accomplished'}, {'answer': 'accomplished'}]",[],accomplished,{'accomplished': 5}
2c11df4a-5ce5-44ab-9124-7d6a3ac36ca0,Addison regarded every comment very seriously and listened to all the instructions.,How would you describe Addison?,"[{'answer': 'contemplative'}, {'answer': 'contemplative'}, {'answer': 'serious'}, {'answer': 'serious'}, {'answer': 'serious'}, {'answer': 'contemplative'}, {'answer': 'addison was law biding'}, {'answer': 'serious'}, {'answer': 'serious'}, {'answer': 'serious'}]",[],serious,"{'contemplative': 3, 'serious': 6, 'addison was law biding': 1}"
8758db31-b9bc-4cd4-8630-b29b27fb21ca,Riley cried after Jesse said something.,What did Jesse say?,"[{'answer': 'Insults about Riley'}, {'answer': 'Insults about Riley'}, {'answer': 'Insults about Riley'}, {'answer': 'Insults about Riley'}, {'answer': 'Insults about Riley'}]",[],Insults about Riley,{'Insults about Riley': 5}
951133fb-7c87-407d-bd24-c00ff78e5c19,Kai handed back the mail after they looked at it.,How would you describe Kai?,"[{'answer': ""As someone who knows what's in the mail""}, {'answer': ""As someone who knows what's in the mail""}, {'answer': ""As someone who knows what's in the mail""}, {'answer': ""As someone who knows what's in the mail""}, {'answer': ""As someone who knows what's in the mail""}]",[],As someone who knows what's in the mail,"{""As someone who knows what's in the mail"": 5}"
c7c81ebc-9a69-48d7-b078-3e15d9566594,Quinn showed it off to Casey's friends in the birthday party.,What will happen to Casey?,"[{'answer': 'be called a show off at the birthday party'}, {'answer': 'be called a show off at the birthday party'}, {'answer': 'be called a show off at the birthday party'}, {'answer': 'not humble'}, {'answer': 'like a bragger at the party'}, {'answer': 'be called a show off at the birthday party'}, {'answer': 'not humble'}, {'answer': 'be called a show off at the birthday party'}, {'answer': 'not humble'}, {'answer': 'not humble'}]","[{'feedback': ""I don't think any of these answers are necessarily the case. Quinn may be so overpowering in his personality that Casey couldn't stop Quinn. In that case, none of the answers apply.""}, {'feedback': 'None of these three fit very well.'}, {'feedback': 'Confusing question.'}]",be called a show off at the birthday party,"{'be called a show off at the birthday party': 5, 'not humble': 4, 'like a bragger at the party': 1}"
d4169f41-ed47-4563-848c-d6bb113316e3,Riley was really hungry so she ate Jordan's bread.,How would you describe Riley?,"[{'answer': 'Uncaring'}, {'answer': 'Uncaring'}, {'answer': 'Uncaring'}, {'answer': 'Uncaring'}, {'answer': 'Looking at some of the reasons to hungry'}]",[],Uncaring,"{'Uncaring': 4, 'Looking at some of the reasons to hungry': 1}"
2cd8f9dc-04d5-49cd-b49c-67289360b381,Kai was finally on vacation and went to the beach. Kai felt relaxed laying in the sun.,What does Kai need to do before this?,"[{'answer': 'take off work'}, {'answer': 'take off work'}, {'answer': 'take off work'}, {'answer': 'take off work'}, {'answer': 'take off work'}]",[],take off work,{'take off work': 5}
b56bb9bb-d908-41c6-9abf-66c57d741024,Lee left a mess upon Ash and had to clean the mess for a few hours.,What will happen to Ash?,"[{'answer': 'clean up the next mess'}, {'answer': 'sad now'}, {'answer': 'clean up the next mess'}, {'answer': 'sad now'}, {'answer': 'clean up the next mess'}, {'answer': 'clean up the next mess'}, {'answer': 'sad now'}, {'answer': 'get yelled at'}, {'answer': 'clean up the next mess'}, {'answer': 'sad now'}]",[{'feedback': 'Also a confusing question to me. Just assumed it was how Ash would feel about the mess.'}],clean up the next mess,"{'clean up the next mess': 5, 'sad now': 4, 'get yelled at': 1}"
98e478c5-4a30-48b1-bd36-e937a9017863,Sasha worked as a nurse and often stepped in and protected patients rights.,What will happen to the patients?,"[{'answer': 'show Sasha their appreciation with cards'}, {'answer': 'show Sasha their appreciation with cards'}, {'answer': 'show Sasha their appreciation with cards'}, {'answer': 'show Sasha their appreciation with cards'}, {'answer': 'show Sasha their appreciation with cards'}]",[],show Sasha their appreciation with cards,{'show Sasha their appreciation with cards': 5}
46b346c0-ae84-4774-acf2-c68031c2f787,Taylor looked the definition up online which was against the rules for the test.,What will others want to do next?,"[{'answer': 'give Taylor a bad grade'}, {'answer': 'give Taylor a bad grade'}, {'answer': 'give Taylor a bad grade'}, {'answer': 'give Taylor a bad grade'}, {'answer': 'give Taylor a bad grade'}]",[],give Taylor a bad grade,{'give Taylor a bad grade': 5}
cf3007af-2f85-4001-bceb-2ea8649ffd9b,kai grabbed carson's tools and stole them to get back at carson.,What will Carson want to do next?,"[{'answer': 'find the tools'}, {'answer': 'find the tools'}, {'answer': 'call the police'}, {'answer': 'call the police'}, {'answer': 'find the tools'}, {'answer': 'call the police'}, {'answer': 'find the tools'}, {'answer': 'call the police'}, {'answer': 'call the police'}, {'answer': 'call the police'}]",[],call the police,"{'find the tools': 4, 'call the police': 6}"
f5e7d79f-e5bb-4a0f-bc43-c2712da7cfd1,Aubrey was a police officer. She pulled Casey over for speeding in a construction zone.,What will Casey want to do next?,"[{'answer': 'make an excuse'}, {'answer': 'make an excuse'}, {'answer': 'make an excuse'}, {'answer': 'speed off'}, {'answer': 'make an excuse'}]",[],make an excuse,"{'make an excuse': 4, 'speed off': 1}"
c723b166-a2e3-42a3-9645-547efc6745ce,Quinn colored her hair a light ghosted grey color.,How would Quinn feel afterwards?,"[{'answer': 'artistic'}, {'answer': 'artistic'}, {'answer': 'artistic'}, {'answer': 'Ugly'}, {'answer': 'artistic'}]",[],artistic,"{'artistic': 4, 'Ugly': 1}"
6f765d53-3dd3-4ad9-b4ed-e4be25407a3f,Riley went out to the club with some friends excited for the weekend.,What will Others want to do next?,"[{'answer': 'Stay up really late'}, {'answer': 'Stay up really late'}, {'answer': 'Stay up really late'}, {'answer': 'Stay up really late'}, {'answer': 'Stay up really late'}]",[],Stay up really late,{'Stay up really late': 5}
09208c35-f451-4756-aeb9-c232e802a298,Robin dried up the paper and lit it on fire and it blew away.,How would Robin feel afterwards?,"[{'answer': 'excited to see what comes next'}, {'answer': 'excited to see what comes next'}, {'answer': 'excited to see what comes next'}, {'answer': 'gone'}, {'answer': 'happy their only photo blew away'}, {'answer': 'gone'}, {'answer': 'excited to see what comes next'}, {'answer': 'excited to see what comes next'}, {'answer': 'excited to see what comes next'}, {'answer': 'excited to see what comes next'}]",[],excited to see what comes next,"{'excited to see what comes next': 7, 'gone': 2, 'happy their only photo blew away': 1}"
672f8d9c-7f48-481f-bf0a-60fa66d62510,Jordan was going for a walk and brought the kids.,What does Jordan need to do before this?,"[{'answer': 'get the kids ready'}, {'answer': 'get the kids ready'}, {'answer': 'get the kids ready'}, {'answer': 'get the kids ready'}, {'answer': 'get the kids ready'}]",[],get the kids ready,{'get the kids ready': 5}
c55be71e-8193-4f7f-b314-75fc7f12a4b8,My friend was having relationship troubles and Tracy knew she could help.,What will happen to Tracy?,"[{'answer': 'becomes friends with my friend'}, {'answer': 'becomes friends with my friend'}, {'answer': 'becomes friends with my friend'}, {'answer': 'become enemies with my friend'}, {'answer': 'becomes friends with my friend'}]",[],becomes friends with my friend,"{'becomes friends with my friend': 4, 'become enemies with my friend': 1}"
7bcb8511-70ec-4602-b3cf-222f14a1867c,Casey saved some money and eventually bought a new car.,What does Casey need to do before this?,"[{'answer': 'save before this'}, {'answer': 'save before this'}, {'answer': 'save before this'}, {'answer': 'save before this'}, {'answer': 'save before this'}]",[],save before this,{'save before this': 5}
a2a9a753-67a1-47be-9e7b-e6ea54290c6e,"austin was a attractive girl who had a crush on me, so she batted her eyelashes at me.",What does Austin need to do before this?,"[{'answer': 'know who i am'}, {'answer': 'know who i am'}, {'answer': 'know who i am'}, {'answer': 'know who i am'}, {'answer': 'know who i am'}]",[],know who i am,{'know who i am': 5}
527f8e70-9457-4b1d-a340-a4b0b395799b,Kendall took Skylar into acount when making plans for the day.,How would Skylar feel as a result?,"[{'answer': 'Glad they were thought about'}, {'answer': 'Glad they were thought about'}, {'answer': 'Glad they were thought about'}, {'answer': 'Glad they were thought about'}, {'answer': 'Glad they were thought about'}]",[],Glad they were thought about,{'Glad they were thought about': 5}
d669dd46-871a-4471-89b9-19118ce61377,Sasha kept the baby and started applying for jobs.,What will Sasha want to do next?,"[{'answer': 'care for the baby next'}, {'answer': 'care for the baby next'}, {'answer': 'care for the baby next'}, {'answer': 'care for the baby next'}, {'answer': 'care for the baby next'}]",[{'feedback': 'Assumed question meant what would Sasha want to do immediately after applying to jobs.'}],care for the baby next,{'care for the baby next': 5}
5a97dac3-79c7-4382-bcf0-cf82baa1009f,Carson gave their friend some milk but their friend was allergic to milk and wanted orange juice instead and Carson agreed to help.,What will Carson want to do next?,"[{'answer': 'Get a different drink'}, {'answer': 'Get a different drink'}, {'answer': 'Get a different drink'}, {'answer': 'Get a different drink'}, {'answer': 'Get a different drink'}]",[],Get a different drink,{'Get a different drink': 5}
df83ba08-7f59-4422-9fc6-1c9e8fab437e,Taylor helped Ash move in to their new house.,What does Taylor need to do before this?,"[{'answer': 'thank Ash'}, {'answer': 'be able to help'}, {'answer': 'be able to help'}, {'answer': 'be able to help'}, {'answer': 'be able to help'}]",[],be able to help,"{'thank Ash': 1, 'be able to help': 4}"
f367d8a9-6e1e-46d0-b915-d790595d9ca3,Alex knocked on wood after seeing a cat walk past him.,How would Alex feel afterwards?,"[{'answer': 'unlucky'}, {'answer': 'reassured'}, {'answer': 'reassured'}, {'answer': 'reassured'}, {'answer': 'reassured'}]",[{'feedback': 'I assume Alex knocked on wood to feel reassured that the cat walking past him did not give him bad luck.'}],a paranoid person,"{'unlucky': 1, 'reassured': 4}"
3a842dc6-a659-478d-bb8f-c342ff69df37,Jordan ran quickly to the store to get some donuts.,How would you describe Jordan?,"[{'answer': 'excited to eat the donuts'}, {'answer': 'excited to eat the donuts'}, {'answer': 'excited to eat the donuts'}, {'answer': 'excited to eat the donuts'}, {'answer': 'excited to eat the donuts'}]","[{'feedback': 'I would believe answered 1 & 3 could be applicable, but assumed answer 3 describes Jordan better.'}]",excited to eat the donuts,{'excited to eat the donuts': 5}
b7381581-eae2-4db1-8f30-dd126ab99379,"Carson knew they were right, and Taylor proved Carson's point.",What will happen to Taylor?,"[{'answer': 'ask Carson how they knew'}, {'answer': 'ask Carson how they knew'}, {'answer': 'he will rub it in their face'}, {'answer': 'ask Carson how they knew'}, {'answer': 'ask Carson how they knew'}]","[{'feedback': 'This one could be answer b or c depending on the nature of what was at issue.'}, {'feedback': 'I assumed that Taylor was the person Carson knew they were right against.'}]",ask Carson how they knew,"{'ask Carson how they knew': 4, 'he will rub it in their face': 1}"
f22f6990-8243-4b6c-a0dd-4ff441bcc7f9,Cameron stopped the fight before people got hurt.,What will Cameron want to do next?,"[{'answer': 'The others will cheer Cameron'}, {'answer': 'send people home'}, {'answer': 'send people home'}, {'answer': 'send people home'}, {'answer': 'send people home'}]","[{'feedback': ""This one might depend on Cameron's personality. I try to take the high road in answering questions like these.""}]",send people home,"{'The others will cheer Cameron': 1, 'send people home': 4}"
935e0c2f-7cfb-4c2f-980e-3387de31d3c2,Carson was at a friend's house playing video games to get away from his arguing parents.,What does Carson need to do before this?,"[{'answer': 'run over to his friends house'}, {'answer': 'stretch out the time at their friends'}, {'answer': 'run over to his friends house'}, {'answer': 'run over to his friends house'}, {'answer': 'run over to his friends house'}]",[],run over to his friends house,"{'run over to his friends house': 4, 'stretch out the time at their friends': 1}"
642f2f52-53b3-4f7b-a04d-15fa6089682a,Bailey picked out her baby's name months ago and was ready to give birth.,How would you describe Bailey?,"[{'answer': 'happy with motherhood'}, {'answer': 'happy with motherhood'}, {'answer': 'relieved that the process was over'}, {'answer': 'happy with motherhood'}, {'answer': 'happy with motherhood'}]","[{'feedback': 'This could be a or b. The stated context does not provide enough information to know. I chose the more optimistic answer.'}, {'feedback': 'I read the question as Bailey excitedly decided on a name, and was eagerly awaiting the birth.'}]",happy with motherhood,"{'happy with motherhood': 4, 'relieved that the process was over': 1}"
442ed945-60db-4184-b6d8-486a33dbe138,"Not wanting to raise too much consternation, Jesse ultimately believed every word.",What will Others want to do next?,"[{'answer': 'work with Jesse'}, {'answer': 'work with Jesse'}, {'answer': 'work with Jesse'}, {'answer': 'work with Jesse'}, {'answer': 'work with Jesse'}]",[{'feedback': 'I would want to find out why Jesse was so easily influenced and what he/she really thought and go from there. '}],work with Jesse,{'work with Jesse': 5}
97bdf0d5-05a2-465e-8998-c2f6a5f34fb8,Taylor filled Kai's mind because of the way he made her laugh and smile.,What will Taylor want to do next?,"[{'answer': 'ask out Kai'}, {'answer': 'ask out Kai'}, {'answer': 'ask out Kai'}, {'answer': 'ask out Kai'}, {'answer': 'ask out Kai'}]","[{'feedback': ""It's not clear who he and her are. it's ambiguous the way the sentence is constructed. I chose to read it as Taylor being the he.""}]",ask out Kai,{'ask out Kai': 5}
2cb9a343-dae3-4083-81f7-81052306f69c,"Carson turned the music up. His friend asked him to turn it down and Carson asked ""turn down for what?"" and turned it up louder.",What did Carson do?,"[{'answer': 'listened to very loud music'}, {'answer': 'listened to very loud music'}, {'answer': 'listened to very loud music'}, {'answer': 'listened to very loud music'}, {'answer': 'listened to very loud music'}]",[],listened to very loud music,{'listened to very loud music': 5}
fac74ad0-6247-4cbc-878b-98ffb1fae927,Skylar wore it to school to show his school spirit on game day.,Why did Skylar do this?,"[{'answer': 'did this to fit in'}, {'answer': 'cheer for his team'}, {'answer': 'cheer for his team'}, {'answer': 'cheer for his team'}, {'answer': 'cheer for his team'}]",[],cheer for his team,"{'did this to fit in': 1, 'cheer for his team': 4}"
5533000c-f2d4-4ec8-8c2b-88e51f312413,jan went to the same school for years so she was best friends with a girl.,What will Others want to do next?,"[{'answer': 'make sure they kept up their relationship'}, {'answer': 'appreciate jan'}, {'answer': 'make sure they kept up their relationship'}, {'answer': 'make sure they kept up their relationship'}, {'answer': 'make sure they kept up their relationship'}]","[{'feedback': ""Slightly confusing, didn't see a clear answer.""}]",appreciate jan,"{'make sure they kept up their relationship': 4, 'appreciate jan': 1}"
42bb7925-5bd9-486f-9373-a457870a27f7,Lee gave birth to twins when she was at the hospital.,What will Lee want to do next?,"[{'answer': 'see her twins'}, {'answer': 'see her twins'}, {'answer': 'see her twins'}, {'answer': 'see her twins'}, {'answer': 'see her twins'}]",[],see her twins,{'see her twins': 5}
68968d11-6ff0-43b6-a916-1238542e1993,"Jan went out with Quinn's friends, but left because they had work in the morning.",Why did Jan do this?,"[{'answer': 'get enough sleep'}, {'answer': 'drive to her home'}, {'answer': 'get enough sleep'}, {'answer': 'get enough sleep'}, {'answer': 'get enough sleep'}]",[],get enough sleep,"{'get enough sleep': 4, 'drive to her home': 1}"
ca834b29-b64b-4439-9d7c-5858c9a088c6,Riley is the most popular student in the school.,What will Others want to do next?,"[{'answer': ""join Riley's gang""}, {'answer': ""join Riley's gang""}, {'answer': ""join Riley's gang""}, {'answer': ""join Riley's gang""}, {'answer': ""join Riley's gang""}]","[{'feedback': 'I don\'t think any of the answers will occur. Some people always want to be associated with the most popular kids and others don\'t. The first two answers might be something Riley would do based on his/her popularity, not the ""Others.""'}, {'feedback': 'I assume others would like to be friends with Riley.'}]",join Riley's gang,"{""join Riley's gang"": 5}"
8d8c6305-9239-41a6-998a-a94f4e0f59a2,Skylar put her daughters mind at ease after she claimed to see a creature in her room.,How would the daughter feel as a result?,"[{'answer': 'more brave'}, {'answer': 'more brave'}, {'answer': 'more brave'}, {'answer': 'more brave'}, {'answer': 'more brave'}]",[],more brave,{'more brave': 5}
9887508f-7b5d-4ce3-b96a-bc5f621034b2,Remy challenged them to a game of racquetball at the local YMCA gym.,Why did Remy do this?,"[{'answer': 'was bored and decided to gather some people for a good game of racquetball'}, {'answer': 'was bored and decided to gather some people for a good game of racquetball'}, {'answer': 'was bored and decided to gather some people for a good game of racquetball'}, {'answer': 'was bored and decided to gather some people for a good game of racquetball'}, {'answer': 'win the game'}]","[{'feedback': ""Since they were 'challenged' I assumed it was not done because Remy was bored.""}]",was bored and decided to gather some people for a good game of racquetball,"{'was bored and decided to gather some people for a good game of racquetball': 4, 'win the game': 1}"
d7ff25f1-e51f-4619-bcda-abe5073aff79,Riley layered down their arms with a blanket to keep warm.,What does Riley need to do before this?,"[{'answer': 'get a blanket from the closet'}, {'answer': 'get a blanket from the closet'}, {'answer': 'get a blanket from the closet'}, {'answer': 'get a blanket from the closet'}, {'answer': 'get a blanket from the closet'}]",[],get a blanket from the closet,{'get a blanket from the closet': 5}
8881c260-9d0f-4da5-bdcc-c0fa647b69cf,Sasha wetted the bed because they had a bad dream.,How would Sasha feel afterwards?,"[{'answer': 'the need to clean up right away'}, {'answer': 'the need to clean up right away'}, {'answer': 'the need to clean up right away'}, {'answer': 'the need to clean up right away'}, {'answer': 'has insecurities'}]","[{'feedback': 'I answered like I would if it were me. Someone else might feel insecure or just had a weak bladder.'}, {'feedback': 'I assumed Sasha would wake up and feel insecure and ashamed for bedwetting.'}]",the need to clean up right away,"{'the need to clean up right away': 4, 'has insecurities': 1}"
b85660f2-7320-48ff-a3e9-be90f7bbdc2a,"Robin had a hard time understanding the concept, so she let Carson explain it more thoroughly.",How would Carson feel as a result?,"[{'answer': 'ready to work'}, {'answer': ""frustrated that Robin didn't understand""}, {'answer': 'ready to work'}, {'answer': ""frustrated that Robin didn't understand""}, {'answer': ""frustrated that Robin didn't understand""}, {'answer': ""frustrated that Robin didn't understand""}, {'answer': 'ready to work'}, {'answer': ""frustrated that Robin didn't understand""}, {'answer': ""frustrated that Robin didn't understand""}, {'answer': 'ready to work'}]",[],frustrated that Robin didn't understand,"{'ready to work': 4, ""frustrated that Robin didn't understand"": 6}"
f0de59c1-13d3-4ab6-b9d5-a09b8ace801d,Robin let Carson explain themself to the authorities so that they could best understand the situation.,What does Robin need to do before this?,"[{'answer': 'figure out what was happening'}, {'answer': 'be honest'}, {'answer': 'figure out what was happening'}, {'answer': 'figure out what was happening'}, {'answer': 'figure out what was happening'}]",[],figure out what was happening,"{'figure out what was happening': 4, 'be honest': 1}"
b173ed48-82ff-4a49-985f-f92ad6a0264a,Kai went to the movies and saw the new Lee movie.,What will happen to Kai?,"[{'answer': 'enjoy the movie she went to see'}, {'answer': 'enjoy the movie she went to see'}, {'answer': 'enjoy the movie she went to see'}, {'answer': 'enjoy the movie she went to see'}, {'answer': 'enjoy the movie she went to see'}]",[],enjoy the movie she went to see,{'enjoy the movie she went to see': 5}
c9980422-6038-4ed3-ab3e-24b725d4468b,Jesse showed Sydney's friends how to bake a cake but it was left in the oven too long and burned.,What will Jesse want to do next?,"[{'answer': 'Bake a new cake'}, {'answer': 'Bake a new cake'}, {'answer': 'Bake a new cake'}, {'answer': 'Bake a new cake'}, {'answer': 'Bake a new cake'}]",[],Bake a new cake,{'Bake a new cake': 5}
547b15f6-17ef-4a5e-a25f-5ab00b5e73d4,Casey wrapped her hands around Sasha and they hugged goodbye before leaving.,How would Sasha feel as a result?,"[{'answer': 'sad to say goodbye'}, {'answer': 'warm and affectionate'}, {'answer': 'warm and affectionate'}, {'answer': 'sad to say goodbye'}, {'answer': 'sad to say goodbye'}, {'answer': 'warm and affectionate'}, {'answer': 'sad to say goodbye'}, {'answer': 'warm and affectionate'}, {'answer': 'sad to say goodbye'}, {'answer': 'sad to say goodbye'}]",[],warm and affectionate,"{'sad to say goodbye': 6, 'warm and affectionate': 4}"
910ec731-e4eb-4bef-84c4-a6eb2f5c143c,Quinn got a new job in a different town so they moved to a new house.,What will Quinn want to do next?,"[{'answer': 'unpack his things'}, {'answer': 'unpack his things'}, {'answer': 'unpack his things'}, {'answer': 'unpack his things'}, {'answer': 'unpack his things'}]",[],unpack his things,{'unpack his things': 5}
28a5ea9c-6796-4d04-9abf-751b23057c56,"After graduating high school and being accepted to college, Casey decided to study philosophy, because Casey valued ethics highly.",What does Casey need to do before this?,"[{'answer': 'needed to register for the program'}, {'answer': 'needed to register for the program'}, {'answer': 'needed to register for the program'}, {'answer': 'needed to register for the program'}, {'answer': 'needed to register for the program'}]",[],needed to register for the program,{'needed to register for the program': 5}
0ea98469-db83-408b-97af-58e641430952,Cameron took Kai's complaints seriously after Kai came to her crying about the event.,What will Cameron want to do next?,"[{'answer': 'investigate the matter'}, {'answer': 'investigate the matter'}, {'answer': 'investigate the matter'}, {'answer': 'investigate the matter'}, {'answer': 'investigate the matter'}]",[],investigate the matter,{'investigate the matter': 5}
0907ce27-8ede-46ab-9cad-8f3cebd90a7f,Bailey was a good basketball player who had a special shot in their arsenal.,What does Bailey need to do before this?,"[{'answer': 'practice more'}, {'answer': 'practice more'}, {'answer': 'practice more'}, {'answer': 'practice more'}, {'answer': 'practice more'}]",[{'feedback': 'Slightly confusing question. None of the answers seemed to correlate to the special shot to me.'}],practice more,{'practice more': 5}
aafd8ee8-2d5e-475d-877c-cc2d7978437b,Remy moved to a new city. They made more friends.,Why did Remy do this?,"[{'answer': 'travel to the new city'}, {'answer': 'wanted to influence people'}, {'answer': 'wanted to influence people'}, {'answer': 'wanted to influence people'}, {'answer': 'travel to the new city'}, {'answer': 'travel to the new city'}, {'answer': 'travel to the new city'}, {'answer': 'wanted to influence people'}, {'answer': 'travel to the new city'}, {'answer': 'travel to the new city'}]",[],travel to the new city,"{'travel to the new city': 6, 'wanted to influence people': 4}"
26cbe265-58a3-42d7-a5da-a8be7bfbabf3,Robin was paralyzed and was unable to respond on their own.,What will Carson want to do next?,"[{'answer': 'find an alternative'}, {'answer': ""raise Robin's hand""}, {'answer': 'abandon Robin'}, {'answer': ""raise Robin's hand""}, {'answer': 'find an alternative'}, {'answer': 'find an alternative'}, {'answer': 'find an alternative'}, {'answer': 'abandon Robin'}, {'answer': 'find an alternative'}, {'answer': 'find an alternative'}]",[{'feedback': 'Assumed it meant Carson was helping Robin respond.'}],raise Robin's hand,"{'find an alternative': 6, ""raise Robin's hand"": 2, 'abandon Robin': 2}"
48899175-8288-4d0c-8267-850eb469f911,jordan wanted to be nice to a girl so he took her to the shoe store.,What does Jordan need to do before this?,"[{'answer': 'ask the girl on a date'}, {'answer': 'ask the girl on a date'}, {'answer': 'be kind'}, {'answer': 'ask the girl on a date'}, {'answer': 'be kind'}, {'answer': 'be kind'}, {'answer': 'ask the girl on a date'}, {'answer': 'be kind'}, {'answer': 'be kind'}, {'answer': 'be kind'}]",[],ask the girl on a date,"{'ask the girl on a date': 4, 'be kind': 6}"
b592a527-5145-42b5-80b2-c786065758a7,Skylar Joined Sasha to wait in line at the movies.,What will Skylar want to do next?,"[{'answer': 'see the movie'}, {'answer': 'see the movie'}, {'answer': 'see the movie'}, {'answer': 'see the movie'}, {'answer': 'see the movie'}]",[],see the movie,{'see the movie': 5}
86b8ca87-8622-4b24-bf8a-c48396693d49,Robin's plane just landed so Cameron picked them up from the airport.,How would Cameron feel afterwards?,"[{'answer': 'helpful'}, {'answer': 'helpful'}, {'answer': 'helpful'}, {'answer': 'helpful'}, {'answer': 'helpful'}]",[],helpful,{'helpful': 5}
a2f03dda-3df9-4252-91ef-e34c2ebbc637,taylor just got hired but he was already best friends with a co-worker.,How would Others feel as a result?,"[{'answer': 'jealous'}, {'answer': 'happy'}, {'answer': 'jealous'}, {'answer': 'happy'}, {'answer': 'happy'}, {'answer': 'jealous'}, {'answer': 'jealous'}, {'answer': 'jealous'}, {'answer': 'ready to work'}, {'answer': 'ready to work'}]",[],jealous,"{'jealous': 5, 'happy': 3, 'ready to work': 2}"
c2c6efd6-bd6f-4817-ad8d-bee8c9872fb0,Jenny wanted to found out what happened to Quinn's leg and read Quinn's book about his travels where he discussed his accident later in the first chapter.,How would Jenny feel as a result?,"[{'answer': 'satisfied'}, {'answer': 'satisfied'}, {'answer': 'satisfied'}, {'answer': 'satisfied'}, {'answer': 'satisfied'}]","[{'feedback': ""Satisfied at finding out about Quinn's accident.""}]",satisfied,{'satisfied': 5}
71886c0a-ab90-4ae5-ac65-d2f2fff0cc01,Taylor attended their father's concert and was very proud of him.,How would Others feel as a result?,"[{'answer': 'they were supportive'}, {'answer': 'they were supportive'}, {'answer': 'they were supportive'}, {'answer': 'they were supportive'}, {'answer': 'they were supportive'}]",[],they were supportive,{'they were supportive': 5}
23fd2546-510f-4498-9db1-2ab93a1a265f,Casey wrapped Sasha's hands around him because they are in a romantic relationship.,How would you describe Casey?,"[{'answer': 'very loving towards Sasha'}, {'answer': 'very loving towards Sasha'}, {'answer': 'very loving towards Sasha'}, {'answer': 'very loving towards Sasha'}, {'answer': 'very loving towards Sasha'}]",[],very loving towards Sasha,{'very loving towards Sasha': 5}
c135a7b8-bd91-416f-b92f-56d1f9f0c301,Aubrey was playing in the mud and got her new shirt dirty.,What will Aubrey want to do next?,"[{'answer': 'put the shirt in the washing machine'}, {'answer': 'put the shirt in the washing machine'}, {'answer': 'put the shirt in the washing machine'}, {'answer': 'put the shirt in the washing machine'}, {'answer': 'put the shirt in the washing machine'}]",[],put the shirt in the washing machine,{'put the shirt in the washing machine': 5}
8a5a7b96-5ab9-4a4b-a8d8-8f7058201751,Kai sat in Austin's lap because she wanted to show him more affection.,What will Austin want to do after?,"[{'answer': 'hug Austin'}, {'answer': 'start kissing Kai'}, {'answer': 'hug Austin'}, {'answer': 'start kissing Kai'}, {'answer': 'start kissing Kai'}, {'answer': 'start kissing Kai'}, {'answer': 'start kissing Kai'}, {'answer': 'start kissing Kai'}, {'answer': 'start kissing Kai'}, {'answer': 'start kissing Kai'}]",[],start kissing Kai,"{'hug Austin': 2, 'start kissing Kai': 8}"
0bdc3dc7-7cbb-4949-89f6-fc18d4675c6d,sasha was asked to join the revolution so sasha fulfilled their purpose.,What does Sasha need to do before this?,"[{'answer': 'motivate people'}, {'answer': 'join the revolution'}, {'answer': 'motivate people'}, {'answer': 'join the revolution'}, {'answer': 'motivate people'}, {'answer': 'motivate people'}, {'answer': 'join the revolution'}, {'answer': 'motivate people'}, {'answer': 'motivate people'}, {'answer': 'join the revolution'}]",[],join the revolution,"{'motivate people': 6, 'join the revolution': 4}"
2a9bd63f-ed15-45ad-8070-07bbeb366b23,"Riley and Sydney are best friends, Riley sold Sydney's painting to the bidder after she stole it from her house.",What will happen to Sydney?,"[{'answer': 'aweful she never expected this'}, {'answer': 'aweful she never expected this'}, {'answer': 'aweful she never expected this'}, {'answer': 'aweful she never expected this'}, {'answer': 'aweful she never expected this'}]",[],aweful she never expected this,{'aweful she never expected this': 5}
91e33eda-0770-45d4-b7b8-db394fa865d6,Addison went fishing and brought her brother with her.,What will Addison want to do next?,"[{'answer': 'bate a hook next'}, {'answer': 'bate a hook next'}, {'answer': 'bate a hook next'}, {'answer': 'bate a hook next'}, {'answer': 'bate a hook next'}]","[{'feedback': 'it should say ""bait""'}]",bate a hook next,{'bate a hook next': 5}
a48d3004-b8f2-42f1-8bd7-5951d201b784,Ash saved the beehive from destruction because honey is good for you.,How would Others feel as a result?,"[{'answer': 'a friend of the environment'}, {'answer': 'a friend of the environment'}, {'answer': 'a friend of the environment'}, {'answer': 'a friend of the environment'}, {'answer': 'quite motivated'}]",[],a friend of the environment,"{'a friend of the environment': 4, 'quite motivated': 1}"
eaa09359-d929-4fec-96ba-84d0f9b7b376,Alex was saving up for a new car. Alex sold books on amazon.,What will Alex want to do next?,"[{'answer': 'save all the money from selling books'}, {'answer': 'save all the money from selling books'}, {'answer': 'save all the money from selling books'}, {'answer': 'save all the money from selling books'}, {'answer': 'save all the money from selling books'}]",[],save all the money from selling books,{'save all the money from selling books': 5}
89777a68-2e00-4d9e-a429-7500c479f152,Aubrey sounded good talking after months of taking speech therapy at her school.,How would Others feel as a result of this?,"[{'answer': 'proud of Aubrey'}, {'answer': 'proud of Aubrey'}, {'answer': 'proud of Aubrey'}, {'answer': 'proud of Aubrey'}, {'answer': 'proud of Aubrey'}]",[],proud of Aubrey,{'proud of Aubrey': 5}
9f149949-abd5-4246-85e4-ea2feaf3f417,Aubrey was a police officer that pulled a driver over for speeding down the highway one day.,What will Aubrey want to do next?,"[{'answer': 'talk to the driver'}, {'answer': 'talk to the driver'}, {'answer': 'talk to the driver'}, {'answer': 'talk to the driver'}, {'answer': 'talk to the driver'}]",[],talk to the driver,{'talk to the driver': 5}
ed4bdf27-c43a-4e78-b565-b75b1aa3583f,Austin blew a huge cloud of smoke into the air in front of all their friends.,Why did Austin do this?,"[{'answer': 'wanted to show off their new vape'}, {'answer': 'wanted to show off their new vape'}, {'answer': 'wanted to show off their new vape'}, {'answer': 'wanted to show off their new vape'}, {'answer': 'wanted to show off their new vape'}]",[],wanted to show off their new vape,{'wanted to show off their new vape': 5}
